Architekten- und Stadtplanerkammer Hessen|65189|Wiesbaden, Landeshauptstadt|Bierstadter Straße|2|info@akh.de|0641/303-3366|ID_OID_9962232_I
Bad Sooden-Allendorf, Stadt|37242|Bad Sooden-Allendorf, Stadt|Marktplatz|8|info@bad-sooden-allendorf.de|0561/106-3366|ID_OID_9169074_I
Bundeskriminalamt|65193|Wiesbaden, Landeshauptstadt|Thaerstraße|11|info@bka.de|0611/32-0|ID_OID_9161193_I
Bundesnetzagentur für Elektrizität, Gas, Telekommunikation, Post und Eisenbahnen|53113|Bonn, Stadt|Tulpenfeld|4|info@bnetza.de|0221/758-0|ID_OID_9818752_I
Dez. 25.1|35390|Gießen|Liebigstr.|14-16|arbeitsschutz-giessen@rpgi.hessen.de|06151/12-0|ID_OID_9818257_I
Dez. 25.3|65589|Hadamar|Gymnasiumstr.|4|poststelle-afaslm@rpgi.hessen.de|0561/106-0|ID_OID_9390397_I
Dez. 32|35390|Gießen, Universitätsstadt|Landgraf-Philipp-Platz|1-7|gewerbe@rpgi.hessen.de|06151/12-3366|ID_OID_9390457_I
Dez. 35.1|34117|Kassel, documenta Stadt|Am Alten Stadtschloss|1|arbeitsschutz@rpks.hessen.de|0641/303-0|ID_OID_9958552_I
Dez. 35.2|34117|Kassel, documenta-Stadt|Am Alten Stadtschloss|1|arbeitsschutz@rpks.hessen.de||ID_OID_9462236_I
Dez. III/32|64283|Darmstadt, Wissenschaftsstadt|Wilhelminenstraße|1-3|gewerbe@rpda.hessen.de|069/97172-0|ID_OID_9544092_I
Dez. IV/Da 45.1|64283|Darmstadt, Wissenschaftsstadt|Luisenplatz|2|arbeitsschutz@rpda.hessen.de|0611/136-0|ID_OID_9464241_I
Dez. IV/F 43.3 - Immissionsschutz (Chemie Ost, Strahlenschutz)|60327|Frankfurt am Main, St.|Gutleutstraße|114|hans-peter.ziegenfuss@rpda.hessen.de||ID_OID_9857291_I
Dez. IV/F 45.1|60327|Frankfurt am Main|Gutleutstr.|14|arbeitsschutz-frankfurt@rpda.hessen.de|06251/7003-0|ID_OID_9838932_I
Dez. IV/Wi 45.1|65197|Wiesbaden|Simone-Veil-Straße|5|Arbeitsschutz-Wiesbaden@rpda.hessen.de|0641/9390-0|ID_OID_9839732_I
Einheitlicher Ansprechpartner Darmstadt|64283|Darmstadt|Wilhelminenstr|1-3|ea@rpda.hessen.de|06409/69-0|EA_DARMSTADT
Einheitlicher Ansprechpartner Gießen|35390|Gießen|Landgraf-Philipp-Platz|1-7|ea@rpgi.hessen.de|06152/989-0|EA_GIESSEN
Einheitlicher Ansprechpartner Kassel|34117|Kassel|Kurt-Schumacher-Straße|2|ea@rpks.hessen.de|06142/83-0|EA_KASSEL
Frankenberg (Eder), Stadt|35066|Frankenberg (Eder), Stadt|Obermarkt|7-13|buergermeister@frankenberg.de|06172/999-0|ID_OID_9176370_I
Gemeinde Aarbergen|65326|Aarbergen|Rathausstraße|1|info@aarbergen.de|06172/100-0|ID_OID_9000274_I
Gemeinde Abtsteinach|69518|Abtsteinach|Kirchstraße|2|gemeinde@abtsteinach.de|06051/85-0|ID_OID_9001998_I
Gemeinde Ahnatal|34292|Ahnatal|Wilhelmsthaler Straße|3|info@ahnatal.de|06441/99-0|ID_OID_9006158_I
Gemeinde Alheim|36211|Alheim|Alheimerstraße|2|gemeinde@alheim.de|06441/407-0|ID_OID_9003263_I
Gemeinde Allendorf (Eder)|35108|Allendorf (Eder)|Schulstraße|5|gemeindevorstand@allendorf-eder.de|06181/295-0|ID_OID_9004566_I
Gemeinde Alsbach-Hähnlein|64665|Alsbach-Hähnlein|Bickenbacher Straße|6|meldeplattform@alsbach-haehnlein.de|06421/405-0|ID_OID_9000098_I
Gemeinde Altenstadt|63674|Altenstadt|Frankfurter Str.|11|info@altenstadt.de|06421/201-0|ID_OID_9005224_I
Gemeinde Angelburg|35719|Angelburg|Bahnhofstraße|1|gemeinde@angelburg.de|0661/6006-0|ID_OID_9005592_I
Gemeinde Antrifttal|36326|Antrifttal|Weihersweg|24|meldeamt@antrifttal.de|0661/102-0|ID_OID_9001886_I
Gemeinde Bad Emstal|34308|Bad Emstal|Kasseler Straße|57|gemeinde@bad-emstal.de|06124/510-0|ID_OID_9006206_I
Gemeinde Bad Endbach|35080|Bad Endbach|Herborner Straße|1|ordnungswesen@bad-endbach.info|06151/881-0|ID_OID_9005604_I
Gemeinde Bad Salzschlirf|36364|Bad Salzschlirf|Fuldaer Straße|2|a.kovacs@badsalzschlirf.de|06062/70-0|ID_OID_9006248_I
Gemeinde Bad Zwesten|34596|Bad Zwesten|Ringstraße|1|gemeindeverwaltung@badzwesten.de|06031/83-0|ID_OID_9006924_I
Gemeinde Berkatal|37297|Berkatal|Berkastraße|54|gemeinde@berkatal.de|06151/13-2310|ID_OID_9007445_I
Gemeinde Beselich|65614|Beselich|Steinbacher Straße|10|gewerbe@beselich.de|069/212-1|ID_OID_9001521_I
Gemeinde Biblis|68647|Biblis|Darmstädter Straße|25|ordnungsamt@biblis.eu|0611/31-0|ID_OID_9001938_I
Gemeinde Bickenbach|64404|Bickenbach|Darmstädter Straße|7|info@bickenbach-bergstrasse.de|069/8065-1|ID_OID_9000139_I
Gemeinde Biebergemünd|63599|Biebergemünd|Rathaus am Gemeindezentrum||info@biebergemuend.de|06641/977-0|ID_OID_9002932_I
Gemeinde Biebertal|35444|Biebertal|Mühlbergstraße|9|jgoebel@biebertal.de|06621/87-0|ID_OID_8998961_I
Gemeinde Biebesheim|64584|Biebesheim am Rhein|Rathausplatz|1|info@biebesheim.de|05651/302-0|ID_OID_9000226_I
Gemeinde Birkenau|69488|Birkenau|Hauptstraße|119|gewerbeamt@gemeinde-birkenau.de|06257/5008-0|ID_OID_9001962_I
Gemeinde Birstein|63633|Birstein|Carl-Lomb-Straße|1|info@birstein.de|06073/602-0|ID_OID_9002951_I
Gemeinde Bischoffen|35649|Bischoffen|Schulstraße|23|rathaus@bischoffen.de|06257/9330-0|ID_OID_9004222_I
Gemeinde Bischofsheim|65474|Bischofsheim|Schulstraße|13|ordnungsamt@bischofsheim.de|06626/9200-0|ID_OID_9000244_I
Gemeinde Brachttal|63636|Brachttal|Wächtersbacher Straße|48|info@gemeinde-brachttal.de|05681/775-0|ID_OID_9002997_I
Gemeinde Brechen|65611|Brechen|Marktstraße|1|info@brechen.de|06258/806-0|ID_OID_9001539_I
Gemeinde Breidenbach|35236|Breidenbach|Bachstraße|4-14|info@breidenbach.de|06144/404-0|ID_OID_9005580_I
Gemeinde Breitenbach a. Herzberg|36287|Breitenbach a. Herzberg|Machtloser Straße|5|sekretariat@breitenbach-am-herzberg.de|06124/500-0|ID_OID_9003390_I
Gemeinde Breitscheid|35767|Breitscheid|Rathausstraße|14|info@gemeinde-breitscheid.de|06120/27-0|ID_OID_9004210_I
Gemeinde Brensbach|64395|Brensbach|Ezyer Straße|5|info@brensbach.de|06120/79-0|ID_OID_9003883_I
Gemeinde Breuna|34479|Breuna|Volkmarser Straße|3|gemeinde@breuna.de|06123/697-0|ID_OID_9006182_I
Gemeinde Brombachtal|64753|Brombachtal|Hauptstraße|59|corinna.hoyer@brombachtal.de|06722/701-0|ID_OID_9009934_I
Gemeinde Burgwald|35099|Burgwald|Hauptstraße|73|info@burgwald.de|06071/3009-0|ID_OID_9004678_I
Gemeinde Buseck|35418|Buseck|Ernst-Ludwig-Straße|15|ordnungsamt@buseck.de|06258/108-0|ID_OID_9001146_I
Gemeinde Büttelborn|64572|Büttelborn|Mainzer Straße|13|oa@buettelborn.de|06123/9050-0|ID_OID_9129376_I
Gemeinde Calden|34379|Calden|Holländische Straße|35|gemeinde@calden.de|06120/29-0|ID_OID_9006146_I
Gemeinde Cölbe|35091|Cölbe|Kasseler Straße|88|gemeinde@coelbe.de|06126/78-0|ID_OID_9005640_I
Gemeinde Cornberg|36219|Cornberg|Am Markt|8|info@cornberg.de|06126/9955-0|ID_OID_9003420_I
Gemeinde Dautphetal|35232|Dautphetal|Hainstraße|1|gemeindeverwaltung@dautphetal.de|06150/9767-0|ID_OID_9005628_I
Gemeinde Diemelsee|34519|Diemelsee|Am Kahlenberg|1|gemeinde@diemelsee.de|06166/9300-0|ID_OID_9004695_I
Gemeinde Dietzhölztal|35716|Dietzhölztal|Hauptstraße|92|info@dietzhoelztal.de|06155/701-0|ID_OID_9004435_I
Gemeinde Dipperz|36160|Dipperz|Am Dorfbrunnen|2|info@dipperz.de|06134/585-0|ID_OID_9006272_I
Gemeinde Driedorf|35759|Driedorf|Wilhelmstraße|16|info@driedorf.de|06162/8006-0|ID_OID_9004423_I
Gemeinde Ebersburg|36157|Ebersburg|Schulstraße|3|gemeinde@ebersburg.de|06152/716-0|ID_OID_9006260_I
Gemeinde Ebsdorfergrund|35085|Ebsdorfergrund|Dreihäuser Straße|17|gemeinde@ebsdorfergrund.de|06107/773-1|ID_OID_9005652_I
Gemeinde Echzell|61209|Echzell|Lindenstraße|9|gemeinde@echzell.de|06128/241-0|ID_OID_9005152_I
Gemeinde Edermünde|34295|Edermünde|Brückenhofstraße|4|info@gemeinde.edermuende.de|06127/903-0|ID_OID_9006972_I
Gemeinde Edertal|34549|Edertal|Bahnhofstraße|25|axel.mann@edertal.de|06723/992-0|ID_OID_9045143_I
Gemeinde Egelsbach|63329|Egelsbach|Freiherr-vom-Stein-Straße|13|Buergerbuero@egelsbach.de|06722/408-0|ID_OID_9007974_I
Gemeinde Ehrenberg (Rhön)|36115|Ehrenberg (Rhön)|Rhönstraße|26|info@gemeinde-ehrenberg.de|06129/48-0|ID_OID_9006236_I
Gemeinde Ehringshausen|35630|Ehringshausen|Rathausstraße|1|info@ehringshausen.de|06078/781-0|ID_OID_9004447_I
Gemeinde Eichenzell|36124|Eichenzell|Schlossgasse|4|gemeinde@eichenzell.de|06071/9702-0|ID_OID_9006422_I
Gemeinde Einhausen|64683|Einhausen|Marktplatz|5|Post@einhausen.de|06159/7157-0|ID_OID_9001974_I
Gemeinde Elbtal|65627|Elbtal|Rathausstraße|1|info@elbtal.eu|06123/792-0|ID_OID_9001575_I
Gemeinde Elz|65604|Elz|Rathausstraße|39|Gewerbeamt@elz-ww.de|06126/592-0|ID_OID_9001593_I
Gemeinde Eppertshausen|64859|Eppertshausen|Franz-Gruber-Platz|14|gemeinde@eppertshausen.de|06254/9302-0|ID_OID_9000334_I
Stadt Erlensee|63526|Erlensee|Am Rathaus|3|rathaus@erlensee.de|06151/1417-7168|ID_OID_9003045_I
Gemeinde Erzhausen|64390|Erzhausen|Rodenseestraße|3|ewo@erzhausen.de|06071/3002-0|ID_OID_9000460_I
Gemeinde Eschenburg|35713|Eschenburg|Nassauer Straße|11|info@eschenburg.de|06105/938-0|ID_OID_9004459_I
Gemeinde Espenau|34314|Espenau|Im Ort|1|gemeinde@espenau.de|06162/9604-0|ID_OID_9006170_I
Gemeinde Feldatal|36325|Feldatal|Schulstraße|2|gewerbe@romrod.de|06154/808-0|ID_OID_9002435_I
Gemeinde Fernwald|35463|Fernwald|Oppenröder Straße|1|info@fernwald.de|06257/990-0|ID_OID_9001164_I
Gemeinde Fischbachtal|64405|Fischbachtal|Darmstädter Straße|8|gewerbeamt@fischbachtal.de|06142/402-0|ID_OID_9000484_I
Gemeinde Flieden|36103|Flieden|Hauptstraße|36|gemeinde@flieden.de|06150/400-0|ID_OID_9006410_I
Gemeinde Flörsbachtal|63639|Flörsbachtal|Hauptstraße|14|info@floersbachtal.net|06158/829-0|ID_OID_9003066_I
Gemeinde Fränkisch-Crumbach|64407|Fränkisch-Crumbach|Rodensteiner Straße|8|gemeinde@fraenkisch-crumbach.de|06147/208-0|ID_OID_9003997_I
Gemeinde Freiensteinau|36399|Freiensteinau|Alte Schulstraße|5|m.hofmann@freiensteinau.de|06407/9112-0|ID_OID_9002454_I
Gemeinde Freigericht|63579|Freigericht|Rathausstr.|13|ordnungsamt@freigericht.de|06408/911-0|ID_OID_9003160_I
Gemeinde Friedewald|36289|Friedewald|Motzfelder Straße|12|info@friedewald-hessen.de|06404/9129-0|ID_OID_9003440_I
Gemeinde Frielendorf|34621|Frielendorf|Ziegenhainer Straße|2|gemeinde@frielendorf.de|06401/804-0|ID_OID_9006948_I
Gemeinde Fronhausen|35112|Fronhausen|Schulstraße|19|gemeinde@fronhausen.de|0641/6002-0|ID_OID_9005786_I
Gemeinde Fuldabrück|34277|Fuldabrück|Glockenhofsweg|3|rathaus@fuldabrueck.de|06402/85-0|ID_OID_9006122_I
Gemeinde Fuldatal|34233|Fuldatal|Am Rathaus|9|info@fuldatal.de|06403/9020-0|ID_OID_9006344_I
Gemeinde Fürth|64658|Fürth|Hauptstraße|19|ordnungsamt@gemeinde-fuerth.de|06405/806-232|ID_OID_9025700_I
Gemeinde Gemünden (Felda)|35329|Gemünden (Felda)|Rathausgasse|6|info@gemuenden-felda.de|06403/605-0|ID_OID_9002478_I
Gemeinde Gilserberg|34630|Gilserberg|Bahnhofstraße|40|Jutta.Daum@Gilserberg.de|06406/920-0|ID_OID_9006960_I
Stadt Ginsheim-Gustavsburg|65462|Ginsheim-Gustavsburg|Dr.-Herrmann-Straße|32|Gewerbe@gigu.de|06403/606-0|ID_OID_9000521_I
Gemeinde Glashütten|61479|Glashütten|Schloßborner Weg|2|gewerbe@gemeinde-glashuetten.de|06407/9109-0|ID_OID_9001926_I
Gemeinde Glauburg|63695|Glauburg|Bahnhofstraße|34|rathaus@gemeinde-glauburg.de|06408/9590-0|ID_OID_9005284_I
Gemeinde Gorxheimertal|69517|Gorxheimertal|Siedlungsstraße|35|rathaus@gorxheimertal.de|06406/809-0|ID_OID_9002082_I
Gemeinde Grasellenbach|64689|Grasellenbach|Schulstraße|1|info@gemeinde-grasellenbach.de|0641/804-0|ID_OID_9002118_I
Gemeinde Grävenwiesbach|61279|Grävenwiesbach|Bahnhofsweg|2a|gemeinde@graevenwiesbach.de|06434/202-0|ID_OID_9002340_I
Gemeinde Grebenhain|36355|Grebenhain|Hauptstraße|51|info@gemeinde-grebenhain.de|06484/9123-0|ID_OID_9002520_I
Gemeinde Greifenstein|35753|Greifenstein|Herborner Straße|38|mail@greifenstein.de|06438/9129-0|ID_OID_9004471_I
Gemeinde Groß-Rohrheim|68649|Groß-Rohrheim|Rheinstraße|14|info@gross-rohrheim.de|06436/9131-0|ID_OID_9002142_I
Gemeinde Groß-Zimmern|64846|Groß-Zimmern|Rathausplatz|1|info@Gross-Zimmern.de|06436/9446-0|ID_OID_9000714_I
Gemeinde Großenlüder|36137|Großenlüder|St.-Georg-Straße|2|hauptamt@grossenlueder.de|06431/9575-0|ID_OID_9381297_I
Gemeinde Großkrotzenburg|63538|Großkrotzenburg|Bahnhofstraße|3|ordnungsamt@grosskrotzenburg.de|06433/89-0|ID_OID_9003196_I
Gemeinde Gründau|63584|Gründau|Am Bürgerzentrum|1|gemeinde@gruendau.de|06438/838-28|ID_OID_9003215_I
Gemeinde Guxhagen|34302|Guxhagen|Zum Ehrenhain|2|info@guxhagen.de|06471/9866-0|ID_OID_9007288_I
Gemeinde Habichtswald|34317|Habichtswald|Breiter Weg|4|info@habichtswald.de|06476/9136-0|ID_OID_9006720_I
Gemeinde Haina (Kloster)|35114|Haina (Kloster)|Poststraße|4|rathaus@haina.de|06471/9539-0|ID_OID_9004863_I
Gemeinde Hainburg|63512|Hainburg|Hauptstraße|44|ordnung@hainburg.de|06482/9161-0|ID_OID_9530832_I
Gemeinde Hammersbach|63546|Hammersbach|Köbler Weg|44|zentrale@hammersbach.de|06483/9122-0|ID_OID_9041341_I
Gemeinde Hasselroth|63594|Hasselroth|Bodo-Käppel-Platz|1|Rathaus@hasselroth.de|06055/8806-0|ID_OID_9003251_I
Gemeinde Hauneck|36282|Hauneck|Hersfelder Straße|14|gemeinde@hauneck.de|06479/209-0|ID_OID_9003457_I
Gemeinde Heidenrod|65321|Heidenrod|Rathausstraße|9|nadine.kaemper@heidenrod.de|06471/314-0|ID_OID_9000286_I
Gemeinde Helsa|34298|Helsa|Berliner Straße|20|info@gemeinde-helsa.de|06472/9169-0|ID_OID_9006732_I
Gemeinde Herleshausen|37293|Herleshausen|Bahnhofstraße|15|gemeinde@herleshausen.de|06471/9430-0|ID_OID_9007511_I
Gemeinde Heuchelheim|35452|Heuchelheim|Linnpfad|30|info@heuchelheim.de|06631/182-0|ID_OID_9001200_I
Gemeinde Hirzenhain|63697|Hirzenhain|Karl-Birx-Straße|6|Riccarda.Brill@hirzenhain.de|06631/9180-50|ID_OID_9005332_I
Gemeinde Höchst i. Odw.|64739|Höchst i. Odw.|Montmelianer Platz|4|info@hoechst-i-odw.de|06172/731-231|ID_OID_9003949_I
Gemeinde Hofbieber|36145|Hofbieber|Schulweg|5|Lioba.Vogler@hofbieber.de|06174/292-0|ID_OID_9006538_I
Gemeinde Hohenahr|35644|Hohenahr|Rathausplatz|6|info@hohenahr.de|06245/28-0|ID_OID_9005082_I
Gemeinde Hohenroda|36284|Hohenroda|Schlossstraße|45|gemeinde@hohenroda.de|06251/14-0|ID_OID_9003541_I
Gemeinde Hohenstein|65329|Hohenstein|Schwalbacher Straße|1|info@hohenstein-hessen.de|06201/397-0|ID_OID_9000412_I
Gemeinde Hosenfeld|36154|Hosenfeld|Kirchpfad|1|buergerbuero@gemeinde-hosenfeld.de|06251/9602-0|ID_OID_9006526_I
Gemeinde Hünfelden|65597|Hünfelden|Le Thillay-Platz||sigrun.weigel@huenfelden.de|06207/9407-0|ID_OID_9001628_I
Gemeinde Hünstetten|65510|Hünstetten|Im Lagersboden|5|rathaus@huenstetten.de|06206/701-0|ID_OID_9000448_I
Gemeinde Hüttenberg|35625|Hüttenberg|Im Saales|2|info@huettenberg.de|06252/13-0|ID_OID_9005070_I
Gemeinde Jesberg|34632|Jesberg|Frankfurter Straße|1|gemeindeverwaltung@gemeinde-jesberg.de|06201/2949-0|ID_OID_9007252_I
Gemeinde Jossgrund|63637|Jossgrund|Martinusstraße|2|verwaltung@jossgrund.de|06272/923-0|ID_OID_9003281_I
Gemeinde Kalbach|36148|Kalbach|Hauptstraße|12|info@kalbach.de|06253/9494-0|ID_OID_9006574_I
Gemeinde Kaufungen|34260|Kaufungen|Leipziger Straße|463|t.rehbein@kaufungen.de|06254/307-0|ID_OID_9208676_I
Gemeinde Kiedrich|65399|Kiedrich|Marktstraße|27|info@kiedrich.de|06245/90777-0|ID_OID_9000400_I
Gemeinde Kirchheim|36275|Kirchheim|Hauptstraße|20|verwaltung@gemeinde-kirchheim.de|06229/9200-0|ID_OID_9225707_I
Gemeinde Knüllwald|34593|Knüllwald|Hauptstraße|7|info@knuellwald.de|06204/988-0|ID_OID_9007216_I
Gemeinde Körle|34327|Körle|Im Mülmischtal|2|bgm@koerle.de|06207/947-0|ID_OID_9007228_I
Gemeinde Kriftel|65830|Kriftel|Frankfurter Straße|33-37|gemeindeverwaltung@kriftel.de|06253/809-0|ID_OID_9008515_I
Gemeinde Künzell|36093|Künzell|Unterer Ortesweg|23|info@kuenzell.de|06251/5967-0|ID_OID_9006466_I
Gemeinde Lahnau|35633|Lahnau|Rathausplatz|1 - 5|gemeinde@lahnau.de|06255/306-0|ID_OID_9005058_I
Gemeinde Lahntal|35094|Lahntal|Oberdorfer Straße|1|info@lahntal.de|06209/808-0|ID_OID_9005750_I
Gemeinde Langgöns|35428|Langgöns|St. Ulrich-Ring|13|gemeinde@langgoens.de|06086/9611-0|ID_OID_9001236_I
Gemeinde Lautertal|64686|Lautertal (Odenwald)|Nibelungenstraße|280|info@lautertal.de|06081/1025-0|ID_OID_9002130_I
Gemeinde Lautertal (Vogelsberg)|36369|Lautertal (Vogelsberg)|Rathausstraße|3|info@lautertal-vogelsberg.de|06637/9602-15|ID_OID_9002659_I
Gemeinde Liederbach am Taunus|65835|Liederbach am Taunus|Villebon-Platz|9-11|info@liederbach-taunus.de|06666/9600-0|ID_OID_9008593_I
Gemeinde Limeshain|63694|Limeshain|Am Zentrum|2|servicebuero@limeshain.de|06634/9606-0|ID_OID_9005296_I
Gemeinde Linsengericht|63589|Linsengericht|Amtshofstraße|1|gewerbeamt@linsengericht.de|06644/9627-0|ID_OID_9003354_I
Gemeinde Lohfelden|34253|Lohfelden|Dr.-Walter-Lübcke-Platz|1|gemeinde@lohfelden.de|06171/502-0|ID_OID_9421992_I
Gemeinde Löhnberg|35792|Löhnberg|Obertorstraße|5|info@loehnberg.de|06643/9600-0|ID_OID_9001664_I
Gemeinde Lohra|35102|Lohra|Heinrich-Naumann-Weg|2|info@lohra.de|06633/184-0|ID_OID_9005738_I
Gemeinde Ludwigsau|36251|Ludwigsau|Schulstraße|1|info@ludwigsau.de|06171/7000-0|ID_OID_9003595_I
Gemeinde Lützelbach|64750|Lützelbach|Mainstraße|1|gemeinde@luetzelbach.de|06635/18-0|ID_OID_9003973_I
Gemeinde Mainhausen|63533|Mainhausen|Rheinstraße|3|gewerbeamt@mainhausen.de|06081/1024-0|ID_OID_9008047_I
Gemeinde Malsfeld|34323|Malsfeld|Lindenstraße|1|info@malsfeld.eu|06643/9610-0|ID_OID_9007264_I
Gemeinde Meinhard|37276|Meinhard|Sandstraße|15|hauptamt@gemeinde-meinhard.de|06400/9102-0|ID_OID_9007566_I
Gemeinde Meißner|37290|Meißner|Hinterweg|4|buergerservice@gemeinde-meissner.de|06081/589-0|ID_OID_9007584_I
Gemeinde Meißner|37290|Meißner|Hinterweg|4|buergerservice@gemeinde-meissner.de|06636/56-2|ID_OID_9046228_I
Gemeinde Mengerskirchen|35794|Mengerskirchen, Marktflecken|Schlossstraße|3|info@mengerskirchen.de|06642/970-0|ID_OID_9001682_I
Gemeinde Merenberg|35799|Merenberg, Marktflecken|Allendorfer Straße|4|gemeindeverwaltung@merenberg.de|06044/66-0|ID_OID_9001700_I
Gemeinde Messel|64409|Messel|Kohlweg|15|gewerbeamt@messel.de|06638/9185-0|ID_OID_9000744_I
Gemeinde Mittenaar|35756|Mittenaar|Leipziger Straße|1|info@mittenaar.de|06052/86-0|ID_OID_9005452_I
Gemeinde Modautal|64397|Modautal|Odenwaldstraße|34|Ordnungsamt@modautal.de|06645/9610-0|ID_OID_9000792_I
Gemeinde Mörlenbach|69509|Mörlenbach|Rathausplatz|1|Einwohnerservice@moerlenbach.de|06056/733-0|ID_OID_9002268_I
Gemeinde Morschen|34326|Morschen|In der Haydau|2|gemeindeverwaltung@morschen.de|06641/9698-0|ID_OID_9007355_I
Gemeinde Mossautal|64756|Mossautal|Ortsstraße|124|rathaus@mossautal.de|06050/9717-0|ID_OID_9004075_I
Gemeinde Mücke|35325|Mücke|Im Herrnhain|2|info@gemeinde-muecke.de|06054/808-0|ID_OID_9002694_I
Gemeinde Mühltal|64367|Mühltal|Ober-Ramstädter Straße|2-4|gewerbe@muehltal.de|06053/6121-0|ID_OID_9000816_I
Gemeinde Münchhausen|35117|Münchhausen|Marburger Straße|82|buergerbuero@gemeinde-muenchhausen.de|06181/975-0|ID_OID_9005726_I
Gemeinde Münster|64839|Münster|Mozartstraße|8|gewerbe@muenster-hessen.de|06183/9151-0|ID_OID_9000841_I
Gemeinde Nauheim|64569|Nauheim|Weingartenstraße|46-50|buergerbuero@nauheim.de|06057/9001-0|ID_OID_8982620_I
Gemeinde Nentershausen|36214|Nentershausen|Burgstraße|2|gemeindekasse@nentershausen.de|06055/916-0|ID_OID_9117684_I
Gemeinde Neu-Eichenberg|37249|Neu-Eichenberg|Kirchstraße|2|info@neu-eichenberg.de|06051/830-0|ID_OID_9007602_I
Gemeinde Neuberg|63543|Neuberg|Bahnhofstraße|19-21|rathaus@neuberg.eu|06186/2009-300|ID_OID_9003529_I
Gemeinde Neuenstein|36286|Neuenstein|Freiherr-vom-Stein-Straße|5|info@neuenstein.net|06051/8203-0|ID_OID_9003733_I
Gemeinde Neuental|34599|Neuental|Hauptstraße|8|gemeindeverwaltung@neuental.de|06055/8806-0|ID_OID_9007427_I
Gemeinde Neuhof|36119|Neuhof|Lindenplatz|4|gewerbe@neuhof-fulda.de|06623/9200-0|ID_OID_9006478_I
Gemeinde Niederaula|36272|Niederaula|Schlitzer Straße|3|buergerbuero@niederaula.de|06059/9026-0|ID_OID_9003757_I
Gemeinde Niederdorfelden|61138|Niederdorfelden|Burgstraße|5|gemeinde@niederdorfelden.de|06621/201-0|ID_OID_9003715_I
Gemeinde Niedernhausen|65527|Niedernhausen|Wilrijkplatz||gemeinde@niedernhausen.de|06184/802-0|ID_OID_9000623_I
Gemeinde Nieste|34329|Nieste|Wilhelm-Heitmann-Platz|3|gemeinde@nieste.de|06051/709-0|ID_OID_9006744_I
Gemeinde Niestetal|34266|Niestetal|Heiligenröder Straße|70|info@niestetal.de|06622/501-0|ID_OID_9006768_I
Gemeinde Nüsttal|36167|Nüsttal|Schulstr.|19|gemeinde@nuesttal.de|06675/55-1|ID_OID_9006490_I
Gemeinde Oberaula|36280|Oberaula|Hersfelder Str. 4||ordnungsamt@oberaula.de|05650/9697-0|ID_OID_9007403_I
Gemeinde Ottrau|34633|Ottrau|Neukirchener Straße|1|info@ottrau.de|06674/9210-0|ID_OID_9007415_I
Gemeinde Otzberg|64853|Otzberg|Otzbergstraße|13|einwohnermeldeamt@otzberg.de|06621/5060-0|ID_OID_9000895_I
Gemeinde Petersberg|36100|Petersberg|Am Neuen Garten|3|gemeinde@petersberg.de|06181/400-0|ID_OID_9006502_I
Gemeinde Philippsthal (Werra)|36269|Philippsthal (Werra)|Schloss|1|christian.schaefer@philippsthal.de|06673/9210-0|ID_OID_9003775_I
Gemeinde Poppenhausen (Wasserkuppe)|36163|Poppenhausen (Wasserkuppe)|Von-Steinrück-Platz|1|info@poppenhausen-wasserkuppe.de|06183/801-0|ID_OID_9006688_I
Gemeinde Rabenau|35466|Rabenau|Eichweg|14|info@rabenau.de|06676/9200-0|ID_OID_9001358_I
Gemeinde Ranstadt|63691|Ranstadt|Hauptstraße|15|ordnungsamt@ranstadt.de|06187/299-0|ID_OID_9005960_I
Gemeinde Rasdorf|36169|Rasdorf|Am Anger|32|info@rasdorf.de|06621/9201-0|ID_OID_9006664_I
Gemeinde Reichelsheim|64385|Reichelsheim (Odenwald)|Bismarckstraße|43|gemeinde@reichelsheim.de|06663/973-0|ID_OID_9004087_I
Gemeinde Reinhardshagen|34359|Reinhardshagen|Amtsstraße|10|gemeinde@reinhardshagen.de|06664/80-0|ID_OID_9007026_I
Gemeinde Reiskirchen|35447|Reiskirchen|Schulstraße|17|buergerbuero@gemeinde-reiskirchen.de|06661/85-0|ID_OID_9001376_I
Gemeinde Rimbach|64668|Rimbach|Rathausstraße|1|buergerservice@rimbach-odw.de|06187/9562-0|ID_OID_9002232_I
Gemeinde Ringgau|37296|Ringgau|Am Anger|3|gemeinde@ringgau.de|06053/802-0|ID_OID_9007626_I
Gemeinde Rockenberg|35519|Rockenberg|Obergasse|12|gemeinde@rockenberg.de|06101/5353-0|ID_OID_9006020_I
Gemeinde Rodenbach|63517|Rodenbach|Buchbergstr.|2|buergerbuero@rodenbach.de|06677/9210-0|ID_OID_9131585_I
Gemeinde Ronneburg|63549|Ronneburg|Schulstraße|9|gemeinde@ronneburg.eu|06625/9203-0|ID_OID_9421673_I
Gemeinde Ronshausen|36217|Ronshausen|Eisenacher Straße|12a|gemeinde@ronshausen.de|06620/9210-0|ID_OID_9003792_I
Gemeinde Roßdorf|64380|Roßdorf|Erbacher Straße|1|ordnungsamt@rossdorf.de|06622/9231-0|ID_OID_9000950_I
Gemeinde Schaafheim|64850|Schaafheim|Wilhelm-Leuschner-Straße|3|elkehoereth@schaafheim.de|06623/933-1|ID_OID_9212383_I
Gemeinde Schauenburg|34270|Schauenburg|Korbacher Straße|300|info@gemeinde-schauenburg.de|06629/9202-0|ID_OID_9007110_I
Gemeinde Schenklengsfeld|36277|Schenklengsfeld|Rathausstraße|2|hauptamt@schenklengsfeld.de|06071/2002-0|ID_OID_9003828_I
Gemeinde Schlangenbad|65388|Schlangenbad|Rheingauer Straße|23|meldeamt@schlangenbad.de|06063/5009-0|ID_OID_9000660_I
Gemeinde Schmitten|61389|Schmitten|Parkstraße|2|einwohnermeldeamt@schmitten.de|06161/809-0|ID_OID_9015338_I
Gemeinde Schöffengrund|35641|Schöffengrund|Neukirchener Straße|5|info@schoeffengrund.de|06163/708-0|ID_OID_9174758_I
Gemeinde Schöneck|61137|Schöneck|Herrnhofstraße|8|buergerbuero@schoeneck.de|06165/307-0|ID_OID_9003691_I
Gemeinde Schrecksbach|34637|Schrecksbach|Alsfelder Straße|14|gemeinde@schrecksbach.de|06062/64-0|ID_OID_9007758_I
Gemeinde Schwalmtal|36318|Schwalmtal|Alsfelder Straße|72|gewerbe@romrod.de|06164/9303-0|ID_OID_9002826_I
Gemeinde Selters (Taunus)|65618|Selters (Taunus)|Brunnenstraße|46|info@selters-taunus.de|06061/74-0|ID_OID_9001736_I
Gemeinde Siegbach|35768|Siegbach|Austraße|23|info@siegbach.de|06062/9199-0|ID_OID_9005543_I
Gemeinde Sinntal|36391|Sinntal|Am Rathaus|11|gemeinde.sinntal@sinntal.de|06164/508-0|ID_OID_9003667_I
Gemeinde Söhrewald|34320|Söhrewald|Schulstraße|8|info@soehrewald.de|06442/303-0|ID_OID_9007098_I
Gemeinde Steffenberg|35239|Steffenberg|Bauhofstraße|1|gemeindeverwaltung@steffenberg.de|02777/9133-0|ID_OID_9005822_I
Gemeinde Stockstadt am Rhein|64589|Stockstadt am Rhein|Rheinstraße|34-36|kontakt@stockstadt.de|06444/9231-0|ID_OID_9001064_I
Gemeinde Sulzbach (Taunus)|65843|Sulzbach (Taunus)|Hauptstraße|11|bis@sulzbach-taunus.de|06441/803-0|ID_OID_9008657_I
Gemeinde Trebur|65468|Trebur|Herrngasse|3|ordnungsamt@trebur.de|02771/896-0|ID_OID_9001082_I
Gemeinde Trebur|65468|Trebur|Herrngasse|3|gemeinde@trebur.de|02775/9542-0|ID_OID_9617616_I
Gemeinde Twistetal|34477|Twistetal|Hüfte|7|info@twistetal.de|02774/807-0|ID_OID_9004935_I
Gemeinde Villmar|65606|Villmar|Peter-Paul-Straße|30|gemeinde-villmar@t-online.de|06443/609-0|ID_OID_9001754_I
Gemeinde Vöhl|34516|Vöhl|Schlossstraße|1|sekretariat@voehl.de|02774/915-0|ID_OID_9004974_I
Gemeinde Wabern|34590|Wabern|Landgrafenstraße|9|sekretariat@gemeinde-wabern.de|02779/9124-0|ID_OID_9007710_I
Gemeinde Wald-Michelbach|69483|Wald-Michelbach|In der Gass|17|rathaus@gemeinde-wald-michelbach.de|06452/9131-0|ID_OID_9002220_I
Gemeinde Waldbrunn(Westerwald)|65620|Waldbrunn (Westerwald)|Hauser Kirchweg||Oliver.Wilhelm@waldbrunn.de|05691/801-0|ID_OID_9001772_I
Gemeinde Waldems|65529|Waldems|Schulgasse|2|Bgm@gemeinde-waldems.de|05621/701-0|ID_OID_9000774_I
Gemeinde Waldsolms|35647|Waldsolms|Lindenplatz|2|gemeinde@waldsolms.de|06451/7206-0|ID_OID_9161821_I
Gemeinde Walluf|65396|Walluf|Mühlstraße|40|graef@walluf.de|05633/9899-0|ID_OID_9000762_I
Gemeinde Wartenberg|36367|Wartenberg|Landenhäuser Straße|11|info@gemeinde-wartenberg.de|05694/9798-0|ID_OID_9002902_I
Gemeinde Wehretal|37287|Wehretal|Platz der Normandie|1|verwaltung@wehretal.de|02773/811-0|ID_OID_9007787_I
Gemeinde Wehrheim|61273|Wehrheim|Am Rathaus|2|gemeinde@wehrheim.de|02772/708-0|ID_OID_9002706_I
Gemeinde Wehrheim|61273|Wehrheim|Am Rathaus|2|info@wehrheim.de|06455/799-0|ID_OID_9462272_I
Gemeinde Weilmünster|35789|Weilmünster, Marktflecken|Rathausplatz|8|ordnungsamt@weilmuenster.de|06456/8122-0|ID_OID_9001808_I
Gemeinde Weilrod|61276|Weilrod|Am Senner|1|Rathaus@weilrod.de|06467/9120-0|ID_OID_9381230_I
Gemeinde Weimar (Lahn)|35096|Weimar (Lahn)|Alte Bahnhofstraße|31|info@weimar-lahn.info|06458/5095-0|ID_OID_9005834_I
Gemeinde Weinbach|35796|Weinbach|Elkerhäuser Straße|17|info@gemeinde-weinbach.de|05695/9799-0|ID_OID_9001826_I
Gemeinde Weißenborn|37299|Weißenborn|Kirchplatz|1|info@gemeinde-weissenborn.de|05635/9931-0|ID_OID_9007811_I
Gemeinde Wesertal|34399|Wesertal|Am Mühlbach|15|rathaus@gemeinde-wesertal.de|05693/687-0|ID_OID_373573619_I 
Gemeinde Wettenberg|35435|Wettenberg|Sorguesplatz|2|gemeinde@wettenberg.de|05632/401-0|ID_OID_9001412_I
Gemeinde Wildeck|36208|Wildeck|Eisenacher Straße|98|hans-joachim.loeffler@wildeck.de|06441/9644-0|ID_OID_9000161_I
Gemeinde Willingen (Upland)|34508|Willingen (Upland)|Waldecker Straße|12|post@gemeinde-willingen.de|06441/7006-0|ID_OID_9005028_I
Gemeinde Willingshausen|34628|Willingshausen|Am Rathaus|2|ordnungsamt@willingshausen.de|06446/9230-0|ID_OID_9007722_I
Gemeinde Wohratal|35288|Wohratal|Halsdorfer Straße|56|info@wohratal.de|06033/995-0|ID_OID_9005924_I
Gemeinde Wölfersheim|61200|Wölfersheim|Hauptstraße|60|rathaus@woelfersheim.de|06008/9120-0|ID_OID_9006056_I
Gemeinde Wöllstadt|61206|Wöllstadt|Paul-Hallmann-Straße|3|info@woellstadt.de|06031/88-1|ID_OID_9006032_I
Gemeindeverwaltung Breitenbach am Herzberg|36287|Breitenbach a. Herzberg|Machtloser Straße|5|sekretariat@breitenbach-am-herzberg.de|06035/9699-0|ID_OID_9181119_I
Gemeindeverwaltung Dornburg|65599|Dornburg|Rathaus, Frickhofen, Egenolfstraße|26|info@dornburg.de|06042/884-0|ID_OID_9001557_I
Gemeindeverwaltung Kefenrod|63699|Kefenrod|Hitzkirchener Straße|19|info@gemeinde-kefenrod.de|06101/602-0|ID_OID_9005344_I
Gemeindeverwaltung Kefenrod|63699|Kefenrod|Hitkirchener Str.|19|info@gemeinde-kefenrod.de|06032/343-0|ID_OID_9080577_I
Gemeindeverwaltung Ober-Mörlen|61239|Ober-Mörlen|Frankfurter Straße|31|rathaus@ober-moerlen.info|06047/8000-0|ID_OID_9592076_I
Gemeindeverwaltung Seeheim-Jugenheim|64342|Seeheim-Jugenheim|Schulstraße|12|buergerbuero@seeheim-jugenheim.de|06041/8268-0|ID_OID_9000992_I
Gemeindeverwaltung Sinn|35764|Sinn|Jordanstr.|2|info@gemeindesinn.de|06048/9611-0|ID_OID_9005531_I
Gemeindeverwaltung Sinn|35764|Sinn|Jordanstr.|2|ordnungsamt@gemeindesinn.de|06033/9603-0|ID_OID_9227908_I
Gemünden (Wohra), Stadt|35285|Gemünden (Wohra), Stadt|Marktstr.|10|melanie.hose@gemuenden-wohra.de|06039/481-0|ID_OID_9394270_I
Handwerkskammer Kassel|34117|Kassel, documenta-Stadt|Scheidemannplatz|2|info@hwk-kassel.de|06045/970-0|ID_OID_8992382_I
Handwerkskammer Rhein-Main|60325|Frankfurt am Main, St.|Bockenheimer Landstraße|21|service@hwk-rhein-main.de|06049/9606-10|ID_OID_8992340_I
Handwerkskammer Wiesbaden|65189|Wiesbaden, Landeshauptstadt|Bierstadter Straße|45|eah@hwk-wiesbaden.de|06043/8006-0|ID_OID_8992368_I
Hautverwaltung|34474|Diemelstadt, Stadt|Lange Straße|6|info@diemelstadt.de|06045/6008-0|ID_OID_9039585_I
Hessisches Ministerium für Wissenschaft und Kunst|65185|Wiesbaden, Landeshauptstadt|Rheinstr.|23|poststelle@hmwk.hessen.de|06473/9144-0|ID_OID_10073184_I
Hochtaunuskreis|61352|Bad Homburg v. d. Höhe, Stadt|Ludwig-Erhard-Anlage|1-5|buergerinfoservice@hochtaunuskreis.de|02772/9650-0|ID_OID_8999078_I
IHK Frankfurt am Main|60313|Frankfurt am Main, St.|Börsenplatz|4|info@frankfurt-main.ihk.de|06422/9295-0|ID_OID_9220827_I
IHK Fulda|36037|Fulda, Stadt|Heinrichstraße|8|info@fulda.ihk.de|06442/910-0|ID_OID_9221018_I
IHK Gießen-Friedberg|35390|Gießen, Universitätsstadt|Lonystraße|7|zentrale@giessen-friedberg.ihk.de|02772/5007-0|ID_OID_9228288_I
IHK Kassel|34117|Kassel, documenta-Stadt|Kurfürstenstraße|9|info@kassel.ihk.de|02778/9133-0|ID_OID_9228467_I
IHK Limburg|65549|Limburg a. d. Lahn, Kreisstadt|Walderdorffstraße|7|info@limburg.ihk.de|06465/68-0|ID_OID_9228486_I
IHK Offenbach|63067|Offenbach am Main, St.|Frankfurter Str.|90|service@offenbach.ihk.de|06464/9166-0|ID_OID_9228515_I
IHK Wiesbaden|65183|Wiesbaden, Landeshauptstadt|Wilhelmstr.|24-26|info@wiesbaden.ihk.de|02776/801-0|ID_OID_9228538_I
Ingenieurkammer Hessen|65189|Wiesbaden, Landeshauptstadt|Gustav-Stresemann-Ring|6|EA-Ingenieure@ingkh.de|06461/704-0|ID_OID_9141965_I
Kreis Bergstraße|64646|Heppenheim|Gräffstraße|5|ordnungsrecht@kreis-bergstrasse.de|06466/920-0|ID_OID_9530813_I
Kreis Offenbach - Der Kreisausschuss|63128|Dietzenbach, Kreisstadt|Werner-Hilpert-Straße|1|info@kreis-offenbach.de|06421/9850-0|ID_OID_9450290_I
Kreisausschuss des Odenwaldkreises|64711|Erbach, Kreisstadt|Michelstädter Straße|12|info@odenwaldkreis.de|06424/304-0|ID_OID_8999827_I
Kreisstadt Dietzenbach|63128|Dietzenbach, Kreisstadt|Europaplatz|1|eah@dietzenbach.de|06692/89-0|ID_OID_9561413_I
Kreisstadt Limburg a. d. Lahn|65549|Limburg a. d. Lahn, Kreisstadt|Werner-Senger-Straße|10|eapmeldung@stadt.limburg.de|06457/9122-0|ID_OID_9827581_I
Lahn-Dill-Kreis|35576|Wetzlar, Stadt|Karl-Kellner-Ring|51|info@lahn-dill-kreis.de|06462/2007-0|ID_OID_8999160_I
Landeshauptstadt Wiesbaden|65183|Wiesbaden, Landeshauptstadt|Schlossplatz|6|wirtschaft@wiesbaden.de|06420/8230-0|ID_OID_8999895_I
Landestierärztekammer Hessen|65527|Niedernhausen|Bahnhofstraße|13|kerstin.becker-schmidt@ltk-hessen.de|06422/808-0|ID_OID_9114143_I
Landgericht Darmstadt|64283|Darmstadt|Mathildenplatz|13 + 15|verwaltung@lg-darmstadt.justiz.hessen.de|06462/201-0|ID_OID_LG_DARMSTADT_I
Landgericht Fulda|36037|Fulda|Am Rosengarten|4|verwaltung@lg-fulda.justiz.hessen.de|06426/9283-0|ID_OID_LG_FULDA_I
Landgericht Giessen|35390|Gießen|Ostanlage|15|verwaltung@lg-giessen.justiz.hessen.de|06425/9239-0|ID_OID_LG_GIESSEN_I
Landgericht Hanau|63450|Hanau|Nußallee|17|verwaltung@lg-hanau.justiz.hessen.de|06464/9188-0|ID_OID_LG_HANAU_I
Landgericht Kassel|34117|Kassel|Frankfurter Straße|7|verwaltung@lg-kassel.justiz.hessen.de|06421/9740-0|ID_OID_LG_KASSEL_I
Landgericht Limburg|65549|Limburg a.d. Lahn|Schiede|14|verwaltung@lg-limburg.justiz.hessen.de|06423/82-0|ID_OID_LG_LIMBURG_I
Landgericht Marburg|35037|Marburg|Universitätsstraße|48|verwaltung@lg-marburg.justiz.hessen.de|06453/6454-0|ID_OID_LG_MARBURG_I
Landgericht Wiesbaden|65024|Wiesbaden|Mainzer Straße|124|verwaltung@lg-wiesbaden.justiz.hessen.de|06041/9617-0|ID_OID_LG_WIESBADEN_I
Landkreis Darmstadt-Dieburg|64289|Darmstadt, Wissenschaftsstadt|Jägertorstraße|207|kreisverwaltung@ladadi.de|06046/8000-0|ID_OID_8999811_I
Landkreis Fulda|36037|Fulda, Stadt|Wörthstraße|15|kommunalaufsicht@landkreis-fulda.de|06035/1001-0|ID_OID_8999244_I
Landkreis Gießen|35390|Gießen, Universitätsstadt|Riversplatz|1-9|info@lkgi.de|06003/822-0|ID_OID_8998880_I
Landkreis Groß-Gerau|64521|Groß-Gerau, Stadt|Wilhelm-Seipp-Straße|4|info@kreisgg.de|06034/9124-0|ID_OID_8999040_I
Landkreis Hersfeld-Rotenburg|36251|Bad Hersfeld, Kreisstadt|Friedloser Straße|12|gewerberecht@hef-rof.de|06033/9639-0|ID_OID_8999984_I
Landkreis Limburg-Weilburg|65549|Limburg a. d. Lahn, Kreisstadt|Schiede|43|service-buero@limburg-weilburg.de|06034/9131-0|ID_OID_9075638_I
Landkreis Marburg-Biedenkopf|35043|Marburg, Universitätsstadt|Im Lichtenholz|60|eah@marburg-biedenkopf.de|06036/9737-0|ID_OID_8999203_I
Landkreis Vogelsbergkreis|36341|Lauterbach (Hessen), Kreisstadt|Goldhelg|20|info@vogelsbergkreis.de|05665/9463-0|ID_OID_8999966_I
Magistrat der Stadt Hünfeld|36088|Hünfeld|Konrad-Adenauer-Platz|1|stadt@huenfeld.de|0561/92-0|ID_OID_9574522_I
Magistrat der Stadt Stadtallendorf|35260|Stadtallendorf, Stadt|Bahnhofstraße|2|magistrat@stadtallendorf.de|05674/702-0|ID_OID_9593211_I
Main-Kinzig-Kreis|63571|Gelnhausen, Barbarossastadt|Barbarossastraße|16-24|buergerportal@mkk.de|05609/628-0|ID_OID_8999120_I
Main-Taunus-Kreis|65719|Hofheim am Taunus, Kreisstadt|Am Kreishaus|1-5|waffenwesen@mtk.org|05673/9993-0|ID_OID_9008200_I
Marktgemeinde Burghaun|36151|Burghaun|Schloßstraße|15|buergerbuero@burghaun.de|05693/9898-0|ID_OID_9006284_I
Marktgemeinde Eiterfeld|36132|Eiterfeld|Fürstenecker Straße|2|marktgemeinde@eiterfeld.de|05672/9999-0|ID_OID_9006224_I
Marktgemeinde Haunetal|36166|Haunetal|Konrad-Zuse-Platz|6|marktgemeinde@haunetal.de|05624/997-0|ID_OID_9003487_I
Marktgemeinde Hilders|36115|Hilders|Kirchstraße|2-6|gemeinde@hilders.de|06672/9299-0|ID_OID_9006550_I
Oberzent, Stadt|64670|Oberzent, Stadt|Metzkeil|1|ordnungsamt@stadt-oberzent.de|06683/9601-0|ID_OID_OBERZENT_I
Patentanwaltskammer|80331|München|Tal|29|dpak@patentanwalt.de|06648/9303-0|ID_OID_9818735_I
Pfungstadt|64319|Pfungstadt|Kirchstraße|12-14|gewerbe@pfungstadt.de|06656/982-0|ID_OID_9046468_I
Physikalisch-Technische Bundesanstalt - Institut Berlin -|10587|Berlin, Stadt|Abbestraße|2-12|spielgeraete@ptb.de|06657/9633-0|ID_OID_9819220_I
Referat II B 6|53117|Bonn|Husarenstraße|32|InformationsstelleAuswandern@bva.bund.de|06652/9601-0|ID_OID_345436476_I
Regierungspräsidium Darmstadt|64283|Darmstadt, Wissenschaftsstadt|Luisenplatz|2|poststelle@rpda.hessen.de|0561/9818-0|ID_OID_8979124_I
Regierungspräsidium Gießen|35390|Gießen, Universitätsstadt|Landgraf-Philipp-Platz|1-7|rp-giessen@rpgi.hessen.de|05674/705-0|ID_OID_8981000_I
Regierungspräsidium Kassel|34117|Kassel, documenta-Stadt|Kurt-Schumacher-Straße|2|mail@rpks.hessen.de|06655/796-0|ID_OID_8979136_I
Rheingau-Taunus-Kreis|65307|Bad Schwalbach, Kreisstadt|Heimbacher Straße|7|waffenbehoerde@rheingau-taunus.de|06659/979-0|ID_OID_8999620_I
Schöfferstadt Gernsheim|64579|Gernsheim, Schöfferstadt|Stadthausplatz|1|stadtverwaltung@gernsheim.de|0661/390-0|ID_OID_9000388_I
Schwalm-Eder-Kreis|34576|Homberg (Efze), Kreisstadt|Parkstraße|6|info@schwalm-eder-kreis.de|06655/970-0|ID_OID_9000200_I
Stadt Allendorf|35469|Allendorf (Lumda), Stadt|Bahnhofstraße|14|info@allendorf-lda.de|06684/9605-0|ID_OID_9001120_I
Stadt Allendorf (Lumda)|35469|Allendorf (Lumda), Stadt|Bahnhofstraße|14|info@allendorf-lda.de|0661/6206-0|ID_OID_9053781_I
Stadt Alsfeld|36304|Alsfeld, Stadt|Markt|3|gewerbeamt@stadt.alsfeld.de|06650/9620-0|ID_OID_9001856_I
Stadt Amöneburg|35287|Amöneburg, Stadt|Am Markt|1|b.gruss@amoeneburg.de|06657/987-0|ID_OID_9005495_I
Stadt Aßlar|35614|Aßlar, Stadt|Mühlgrabenstraße|1|gewerbeamt@asslar.de|06681/9608-0|ID_OID_9004234_I
Stadt Babenhausen|64832|Babenhausen, Stadt|Marktplatz|2|renate.trippel@babenhausen.de|06655/9654-0|ID_OID_9000117_I
Stadt Bad Arolsen|34454|Bad Arolsen, Stadt|Große Allee|26|info@bad-arolsen.de|06654/17-0|ID_OID_9004586_I
Stadt Bad Camberg|65520|Bad Camberg, Stadt|Am Amthof|15|gewerbe@bad-camberg.de|06651/9601-0|ID_OID_9001503_I
Stadt Bad Hersfeld|36251|Bad Hersfeld, Kreisstadt|Weinstraße|16|GEWERBEAMT@bad-hersfeld.de|06682/9611-0|ID_OID_9003311_I
Stadt Bad Homburg v.d. Höhe|61348|Bad Homburg v. d. Höhe, Stadt|Rathausplatz|1|gewerbeangelegenheiten@bad-homburg.de|06658/9600-0|ID_OID_8999095_I
Stadt Bad Karlshafen|34385|Bad Karlshafen, Stadt|Hafenplatz|8|stadtverwaltung@bad-karlshafen.de|05606/5996-0|ID_OID_9006194_I
Stadt Bad König|64732|Bad König, Stadt|Schloßplatz|3|stadtverwaltung@badkoenig.de|05605/8008-0|ID_OID_9003859_I
Stadt Bad Nauheim|61231|Bad Nauheim, Stadt|Parkstraße|36-38|stadtverwaltung@bad-nauheim.de|05605/9441-20|ID_OID_9005212_I
Stadt Bad Orb|63619|Bad Orb, Stadt|Frankfurter Straße|2|buergerservice@bad-orb.de|05676/9898-10|ID_OID_9002838_I
Stadt Bad Soden am Taunus|65812|Bad Soden am Taunus, Stadt|Königsteiner Straße|73|info@bad-soden.de|0561/5202-0|ID_OID_9008300_I
Stadt Bad Soden-Salmünster|63628|Bad Soden-Salmünster, Stadt|Rathausstraße|1|m.gruetze@badsoden-salmuenster.de|05625/7909-0|ID_OID_9002884_I
Stadt Bad Vilbel|61118|Bad Vilbel, Stadt|Parkstraße|15|gewerbe@bad-vilbel.de|05673/503-0|ID_OID_9005200_I
Stadt Bad Wildungen|34537|Bad Wildungen, Stadt|Am Markt|1|ordnungsamt@bad-wildungen.de|05671/99900-0|ID_OID_9004604_I
Stadt Battenberg (Eder)|35088|Battenberg (Eder), Stadt|Hauptstraße|58|buergerbuero@battenberg-eder.de|05682/808-0|ID_OID_9052293_I
Stadt Baunatal|34225|Baunatal, Stadt|Marktplatz|14|ordnungsbehoerde@stadt-baunatal.de|05662/502-0|ID_OID_9006134_I
Stadt Bebra|36179|Bebra, Stadt|Rathausmarkt|1|ordnungsamt@bebra.de|05626/9993-0|ID_OID_9003366_I
Stadt Bensheim|64625|Bensheim, Stadt|Kirchbergstraße|18|info@bensheim.de|05622/988-8|ID_OID_9001950_I
Stadt Biedenkopf|35216|Biedenkopf, Stadt|Hainstraße|63|gewerbeamt@biedenkopf.de|05684/9999-0|ID_OID_9005616_I
Stadt Borken (Hessen)|34582|Borken (Hessen), Stadt|Am Rathaus|7|stadtverwaltung@borken-hessen.de|06696/9619-21|ID_OID_9006900_I
Stadt Braunfels|35619|Braunfels, Stadt|Hüttenweg|3|info@braunfels.de|05665/7909-0|ID_OID_9004198_I
Stadt Breuberg|64747|Breuberg, Stadt|Ernst-Ludwig-Straße|2-4|orth@breuberg.de|05544/9507-0|ID_OID_9087033_I
Stadt Bruchköbel|63486|Bruchköbel, Stadt|Hauptstraße|32|awaechtler@bruchkoebel.de|05675/7499-0|ID_OID_9003027_I
Stadt Büdingen|63654|Büdingen, Stadt|Eberhard-Bauner-Allee|16|info@stadt-buedingen.de|05692/602-0|ID_OID_9005188_I
Stadt Bürstadt|68642|Bürstadt, Stadt|Rathausstraße|2|online-service@buerstadt.de|0561/8292-0|ID_OID_9002010_I
Stadt Butzbach|35510|Butzbach, Stadt|Schlossplatz|1|magistrat@stadt-butzbach.de|05608/8-0|ID_OID_9005140_I
Stadt Dieburg|64807|Dieburg, Stadt|Markt|4|ordnungsamt@dieburg.de|05601/9325-0|ID_OID_9003846_I
Stadt Diemelstadt|34474|Diemelstadt, Stadt|Lange Straße|6|info@diemelstadt.de|05606/5191-0|ID_OID_9004726_I
Stadt Dillenburg|35683|Dillenburg, Stadt|Rathausstraße|7|stadt@dillenburg.de|05681/9957-0|ID_OID_9004246_I
Stadt Dreieich|63303|Dreieich, Stadt|Hauptstraße|45|gewerbeamt@dreieich.de|05665/9498-0|ID_OID_9007956_I
Stadt Eltville am Rhein|65343|Eltville am Rhein, Stadt|Gutenbergstraße|13|buergerservice@eltville.de|05681/994-0|ID_OID_9000298_I
Stadt Eppstein|65817|Eppstein, Stadt|Hauptstraße|99|buergerbuero@eppstein.de|06695/9601-0|ID_OID_9008360_I
Stadt Erbach|64711|Erbach, Kreisstadt|Neckarstraße|3|Rathaus@erbach.de|05661/5002-70|ID_OID_9003985_I
Stadt Eschborn|65760|Eschborn, Stadt|Rathausplatz|36|gewerbe@eschborn.de|05603/933-0|ID_OID_9008581_I
Stadt Eschwege|37269|Eschwege, Kreisstadt|Obermarkt|22|stadtverwaltung@eschwege-rathaus.de|05665/9499-0|ID_OID_9007469_I
Stadt Felsberg|34587|Felsberg, Stadt|Vernouillet-Allee|1|stadtverwaltung@felsberg.de|05664/9494-0|ID_OID_9006912_I
Stadt Flörsheim am Main|65439|Flörsheim am Main, Stadt|Bahnhofstraße|12|rathaus@floersheim-main.de|06694/808-0|ID_OID_9008712_I
Stadt Florstadt|61197|Florstadt, Stadt|Freiherr-vom-Stein-Straße|1|ordnungsbehoerde@florstadt.de|05661/708-0|ID_OID_9005176_I
Stadt Frankenau|35110|Frankenau, Stadt|Ehlingshäuser Straße|1|info@frankenau.de|05624/9993-0|ID_OID_9004798_I
Stadt Frankfurt|60326|Frankfurt am Main|Kleyerstraße|86|apf@stadt-frankfurt.de|06628/9208-0|ID_OID_8999883_I
Stadt Friedberg (Hessen)|61169|Friedberg (Hessen), Kreisstadt|Mainzer-Tor-Anlage|6|gewerbeabteilung@friedberg-hessen.de|06639/9609-0|ID_OID_9005164_I
Stadt Friedrichsdorf|61381|Friedrichsdorf, Stadt|Hugenottenstraße|55|gewerbeamt@friedrichsdorf.de|06693/80386-0|ID_OID_9001908_I
Stadt Fritzlar|34560|Fritzlar, Dom- und Kaiserstadt|Zwischen den Krämen|7|stadt@fritzlar.de|05657/9891-0|ID_OID_9006936_I
Stadt Fulda|36037|Fulda, Stadt|Schlossstraße|1|gewerbe@fulda.de|05651/304-0|ID_OID_8999300_I
Stadt Gedern|63688|Gedern, Stadt|Schlossberg|7|info@gedern.de|05604/9335-0|ID_OID_9005368_I
Stadt Gelnhausen|63571|Gelnhausen, Barbarossastadt|Obermarkt|7|gewerbeamt@gelnhausen.de|05654/9895-0|ID_OID_9003178_I
Stadt Gersfeld (Rhön)|36129|Gersfeld (Rhön), Stadt|Marktplatz|19|stadt@gersfeld.de|05602/807-0|ID_OID_9006586_I
Stadt Gladenbach|35075|Gladenbach, Stadt|Karl-Waldschmidt-Straße|3|magistrat@gladenbach.de|05651/7480-0|ID_OID_9005774_I
Stadt Grebenau|36323|Grebenau, Stadt|Amthof|2|gewerbe@romrod.de|05657/9896-0|ID_OID_9115486_I
Stadt Grebenstein|34393|Grebenstein, Stadt|Markt|1|rathaus@stadt-grebenstein.de|05504/41-9|ID_OID_9006356_I
Stadt Griesheim|64347|Griesheim, Stadt|Wilhelm-Leuschner-Straße|75|ordnungsamt@griesheim.de|05659/9797-0|ID_OID_9000503_I
Stadt Groß-Bieberau|64401|Groß-Bieberau, Stadt|Marktstraße|28-30|stadtverwaltung@gross-bieberau.de|05653/9777-0|ID_OID_9000551_I
Stadt Groß-Gerau|64521|Groß-Gerau, Stadt|Am Marktplatz|1|sicherheitundordnung@gross-gerau.de|05656/9897-0|ID_OID_9000581_I
Stadt Groß-Umstadt|64823|Groß-Umstadt, Stadt|Markt|1|ordnungsamt@gross-umstadt.de|05683/5009-0|ID_OID_9000684_I
Stadt Großalmerode|37247|Großalmerode, Stadt|Marktplatz|11|info@grossalmerode.de|06691/9630-0|ID_OID_9007493_I
Stadt Grünberg|35305|Grünberg, Stadt|Rabegasse|1|Gewerbe-Online@gruenberg.de|05686/9988-12|ID_OID_9001182_I
Stadt Gudensberg|34281|Gudensberg, Stadt|Kasseler Straße|2|s.iffert@stadt-gudensberg.de|05663/5090-0|ID_OID_9007276_I
Stadt Haiger|35708|Haiger, Stadt|Marktplatz|7|info@haiger.de|06698/9600-0|ID_OID_9004774_I
Stadt Hanau|63450|Hanau, Brüder-Grimm-Stadt, Stadt|Am Markt|14-18|EA-Hanau@hanau.de|06691/207-0|ID_OID_8999181_I
Stadt Hattersheim am Main|65795|Hattersheim am Main, Stadt|Rathausstraße|10|gewerbeamt@hattersheim.de|05651/9490-0|ID_OID_9008544_I
Stadt Hatzfeld (Eder)|35116|Hatzfeld (Eder), Stadt|Im Hain|1|buergerbuero@hatzfeld-eder.de|05659/30-2|ID_OID_9004881_I
Stadt Heppenheim|64646|Heppenheim (Bergstraße), Kreisstadt|Großer Markt|1|ordnung@stadt.heppenheim.de|05542/508-0|ID_OID_9002070_I
Stadt Herborn|35745|Herborn, Stadt|Hauptstraße|39|ordnungsamt@herborn.de|05631/53-0|ID_OID_9004786_I
Stadt Herbstein|36358|Herbstein, Stadt|Marktplatz|7|info@stadt-herbstein.de|06641/184-0|ID_OID_9002551_I
Stadt Heringen (Werra)|36266|Heringen (Werra), Stadt|Obere Goethestraße|17|stadt@heringen.de|06103/601-0|ID_OID_9062772_I
Stadt Hessisch Lichtenau|37235|Hessisch Lichtenau, Stadt|Landgrafenstraße|52|info@hessisch-lichtenau.de|06103/405-0|ID_OID_9007547_I
Stadt Heusenstamm|63150|Heusenstamm, Stadt|Im Herrngarten|1|ordnungsamt@heusenstamm.de|06104/607-0|ID_OID_9008010_I
Stadt Hirschhorn|69434|Hirschhorn (Neckar), Stadt|Hauptstraße|17|info@hirschhorn.de|06182/8900-0|ID_OID_9002106_I
Stadt Hochheim am Main|65239|Hochheim am Main, Stadt|Burgeffstraße|30|info@hochheim.de|06108/601-0|ID_OID_9008699_I
Stadt Hofgeismar|34369|Hofgeismar, Stadt|Markt|1|info@stadt-hofgeismar.de|06102/241-0|ID_OID_9006804_I
Stadt Hofheim am Taunus|65719|Hofheim am Taunus, Kreisstadt|Chinonplatz|2|FB2-Gewerbewesen@hofheim.de|06104/703-0|ID_OID_9008372_I
Stadt Homberg (Efze)|34576|Homberg (Efze), Kreisstadt|Rathausgasse|1|info@homberg-efze.de|06074/911-0|ID_OID_9007240_I
Stadt Homberg (Ohm)|35315|Homberg (Ohm), Stadt|Marktstraße|26|stadt@homberg.de|06106/693-0|ID_OID_9002587_I
Stadt Hungen|35410|Hungen, Stadt|Kaiserstraße|7|buergerbuero@hungen.de|06182/87-0|ID_OID_9001218_I
Stadt Idstein|65510|Idstein, Stadt|König-Adolf-Platz|2|info@idstein.de|06192/201-0|ID_OID_9000436_I
Stadt Immenhausen|34376|Immenhausen, Stadt|Marktplatz|1|anita.schmidt@immenhausen.de|06196/208-0|ID_OID_9006792_I
Stadt Karben|61184|Karben, Stadt|Rathausplatz|1|gewerbe@karben.de|06198/305-0|ID_OID_9005320_I
Stadt Kassel|34117|Kassel, documenta-Stadt|Obere Königsstraße|8|steuern@kassel.de|06192/202-0|ID_OID_9603364_I
Stadt Kelkheim (Taunus)|65779|Kelkheim (Taunus), Stadt|Gagernring|6|ordnungsamt@kelkheim.de|06195/803-0|ID_OID_9008420_I
Stadt Kelsterbach|65451|Kelsterbach, Stadt|Mörfelder Straße|33|gewerbeamt@kelsterbach.de|06192/4004-0|ID_OID_9000593_I
Stadt Kirchhain|35274|Kirchhain, Stadt|Am Markt|1|sicherheit@kirchhain.de|06190/970-0|ID_OID_9005762_I
Stadt Kirtorf|36320|Kirtorf, Stadt|Neustädter Straße|10-12|webmaster@stadt-kirtorf.de|06196/0-0|ID_OID_9002624_I
Stadt Königstein im Taunus|61462|Königstein im Taunus, Stadt|Burgweg|5|Sabrina.geis@koenigstein.de|069/30098-0|ID_OID_9096153_I
Stadt Korbach|34497|Korbach, Kreisstadt|Stechbahn|1|buergerbuero@korbach.de|06196/804-0|ID_OID_9007853_I
Stadt Kronberg - Stadt Kronberg im Taunus|61476|Kronberg im Taunus, Stadt|Katharinenstraße|7|stadt@kronberg.de|06196/7021-0|ID_OID_9800606_I
Stadt Kronberg im Taunus|61476|Kronberg im Taunus, Stadt|Katharinenstraße|12|buergerbuero@kronberg.de|06146/900-0|ID_OID_9747832_I
Stadt Langen |63225|Langen |Südliche Ringstr.|80|gewerbe@langen.de|06103/2630-2|ID_OID_9008027_I
Stadt Langenselbold|63505|Langenselbold, Stadt|Schloßpark|2|Info@langenselbold.de|06145/955-0|ID_OID_9003330_I
Stadt Laubach|35321|Laubach, Stadt|Friedrichstraße|11|ordnungsamt@lich.de|06063/9599-35|ID_OID_9001254_I
Stadt Lauterbach (Hessen)|36341|Lauterbach (Hessen), Kreisstadt|Marktplatz|14|stadtverwaltung@lauterbach-hessen.de|06084/46-0|ID_OID_9007871_I
Stadt Leun|35638|Leun, Stadt|Bahnhofstraße|25|stadt@leun.de|06253/2001-0|ID_OID_9005440_I
Stadt Lich|35423|Lich, Stadt|Unterstadt|1|ordnungsamt@lich.de|05694/9798-0|ID_OID_9205307_I
Stadt Lichtenfels|35104|Lichtenfels, Stadt|Aarweg|10|rathaus@stadt-lichtenfels.de||ID_OID_9040390_I
Stadt Liebenau|34396|Liebenau, Stadt|Lacheweg|1|verwaltung@stadt-liebenau.de||ID_OID_9006756_I
Stadt Linden|35440|Linden, Stadt|Konrad-Adenauer-Straße|25|ordnungsamt@linden.de|06158/181-0|ID_OID_9001304_I
Stadt Lindenfels|64678|Lindenfels, Stadt|Burgstraße|39|rathaus@Lindenfels.de|05623/808-16|ID_OID_9002256_I
Stadt Lollar|35457|Lollar, Stadt|Holzmühler Weg|76|rathaus@lollar.info|05657/9896-0|ID_OID_9001322_I
Stadt Lorch|65391|Lorch, Stadt|Markt|5|info@lorch-rhein.de|06157/988-0|ID_OID_9083451_I
Stadt Lorsch|64653|Lorsch, Stadt|Kaiser-Wilhelm-Platz|1|gewerbeamt@lorsch.de|06162/805-0|ID_OID_9002244_I
Stadt Maintal|63477|Maintal, Stadt|Klosterhofstraße|4-6|gewerbewesen@maintal.de|06452/9344-0|ID_OID_9003469_I
Stadt Marburg|35037|Marburg, Universitätsstadt|Markt|1|ordnung@marburg-stadt.de|06407/9112-44|ID_OID_8999226_I
Stadt Melsungen|34212|Melsungen, Stadt|Am Markt|1|stadtverwaltung@melsungen.de|06624/933-0|ID_OID_9007379_I
Stadt Michelstadt|64720|Michelstadt, Stadt|Frankfurter Straße|3|buergermeister@michelstadt.de|06154/702-0|ID_OID_9004051_I
Stadt Mörfelden-Walldorf|64546|Mörfelden-Walldorf, Stadt|Westendstr.|8|Ordnungsbehoerde@moerfelden-walldorf.de|06431/296-0|ID_OID_9000877_I
Stadt Mühlheim am Main|63165|Mühlheim am Main, Stadt|Friedensstraße|20|sicherheit-ordnung-verkehr@stadt-muehlheim.de|06049/9606-10|ID_OID_9008065_I
Stadt Münzenberg|35516|Münzenberg, Stadt|Hauptstraße|22|info@muenzenberg.de||ID_OID_9005308_I
Stadt Naumburg|34311|Naumburg, Stadt|Burgstraße|15|verwaltung@naumburg.eu|06163/709-0|ID_OID_9006780_I
Stadt Neckarsteinach|69239|Neckarsteinach, Stadt|Hauptstr.|7|info@neckarsteinach.de|06174/202-0|ID_OID_9002196_I
Stadt Neu-Anspach|61267|Neu-Anspach|Bahnhofstraße|26-28|info@neu-anspach.de|06127/9075-0|ID_OID_9002423_I
Stadt Neu-Isenburg|63263|Neu-Isenburg, Stadt|Siemensstr.|14|info@stadt-neu-isenburg.de|06646/970-0|ID_OID_9008083_I
Stadt Neukirchen|34626|Neukirchen, Stadt|Am Rathaus|10|guenter.schmitt@neukirchen.de|06627/9202-0|ID_OID_9007367_I
Stadt Neustadt (Hessen)|35279|Neustadt (Hessen), Stadt|Ritterstraße|5-9|henrich@neustadt-hessen.eu||ID_OID_9005714_I
Stadt Nidda|63667|Nidda, Stadt|Wilhelm-Eckhardt-Platz||buergerservice@nidda.de|06184/599-0|ID_OID_9005356_I
Stadt Niddatal|61194|Niddatal, Stadt|Hauptstraße|2|info@niddatal.de|0611/97457-0|ID_OID_9006008_I
Stadt Nidderau|61130|Nidderau, Stadt|Am Steinweg|1|info@nidderau.de|05631/954-262|ID_OID_9003565_I
Stadt Niedenstein|34305|Niedenstein, Stadt|Obertor|8|info@niedenstein.de|05652/9585-0|ID_OID_9007391_I
Stadt Ober-Ramstadt|64372|Ober-Ramstadt, Stadt|Darmstädter Straße|29|ordnungsverwaltung@ober-ramstadt.de|06085/9810-0|ID_OID_9073675_I
Stadt Obertshausen|63179|Obertshausen, Stadt|Schubertstraße|11|eah@obertshausen.de|0611/1738-0|ID_OID_9008101_I
Stadt Oberursel (Taunus)|61440|Oberursel (Taunus), Stadt|Rathausplatz|1|einwohnerbuero@oberursel.de||ID_OID_9002538_I
Stadt Oestrich-Winkel|65375|Oestrich-Winkel, Stadt|Paul-Gerhardt-Weg|1|buergerbuero@oestrich-winkel.de||ID_OID_9000636_I
Stadt Offenbach|63065|Offenbach am Main, St.|Berliner Straße|100|Gewerbe@offenbach.de|06445/9244-0|ID_OID_8999907_I
Stadt Ortenberg|63683|Ortenberg, Stadt|Lauterbacher Straße|2|einwohnermeldeamt@ortenberg.net|06451/505-0|ID_OID_9005972_I
Stadt Pohlheim|35415|Pohlheim, Stadt|Ludwigstraße|31|gewerbeamt@pohlheim.de|06675/91800-40|ID_OID_9001340_I
Stadt Raunheim|65479|Raunheim, Stadt|Schulstraße|2|Gewerbe@raunheim.de|06206/935-0|ID_OID_9001004_I
Stadt Rauschenberg|35282|Rauschenberg, Stadt|Schloßstraße|1|magistrat@rauschenberg.de|05634/709-0|ID_OID_9005798_I
Stadt Reichelsheim|61203|Reichelsheim (Wetterau), Stadt|Bingenheimer Straße|1|Ordnungsverwaltung@stadt-reichelsheim.de|06404/806-0|ID_OID_9005984_I
Stadt Reinheim|64354|Reinheim, Stadt|Cestasplatz|1|stadtverwaltung@reinheim.de|05605/802-0|ID_OID_9046679_I
Stadt Riedstadt|64560|Riedstadt|Rathausplatz|1|info@riedstadt.de|06073/7410-0|ID_OID_9043449_I
Stadt Rödermark|63322|Rödermark, Stadt|Dieburger Straße|13-17|info@roedermark.de|069/2197-0|ID_OID_9008143_I
Stadt Rodgau|63110|Rodgau, Stadt|Hintergasse|15|buergerservice@rodgau.de|0661/284-0|ID_OID_9008161_I
Stadt Romrod|36329|Romrod, Stadt|Jahnstraße|2|gewerbe@romrod.de|06625/9200-0|ID_OID_9002724_I
Stadt Rosbach|61191|Rosbach v. d. Höhe, Stadt|Homburger Straße|64|buerger@rosbach-hessen.de|02772/5007-0|ID_OID_9005996_I
Stadt Rotenburg a. d. Fulda|36199|Rotenburg a. d. Fulda, Stadt|Marktplatz|14-15|magistrat@rotenburg.de|0641/7954-0|ID_OID_9003810_I
Stadt Rüdesheim am Rhein|65385|Rüdesheim am Rhein, Stadt|Markt|16|Ordnungsamt@stadt-ruedesheim.de|0561/7891-0|ID_OID_9000648_I
Stadt Runkel|65594|Runkel, Stadt|Burgstraße|4|rathaus@stadtrunkel.de|06431/210-0|ID_OID_9001718_I
Stadt Rüsselsheim|65428|Rüsselsheim, Stadt|Marktplatz|4|gewerbewesen@ruesselsheim.de|069/8207-0|ID_OID_8999060_I
Stadt Schlitz|36110|Schlitz, Stadt|An der Kirche|4|info@schlitz.de|0611/1500-0|ID_OID_9002746_I
Stadt Schlüchtern|36381|Schlüchtern, Stadt|Krämerstraße|2|stadtverwaltung@schluechtern.de|05655/9894-14|ID_OID_9003679_I
Stadt Schotten|63679|Schotten, Stadt|Vogelsbergstraße|184|info@schotten.de|06083/9509-0|ID_OID_9002792_I
Stadt Schwalbach am Taunus|65824|Schwalbach am Taunus, Stadt|Marktplatz|1-2|gewerbe@schwalbach.de||ID_OID_9008618_I
Stadt Schwalmstadt|34613|Schwalmstadt, Stadt|Marktplatz|1|d.heinmueller@schwalmstadt.de|0641/303-3231|ID_OID_9007770_I
Stadt Schwarzenborn|34639|Schwarzenborn, Stadt|Marktplatz|1|hautpamt@stadt-schwarzenborn.de|06433/86-64|ID_OID_9007734_I
Stadt Seligenstadt|63500|Seligenstadt, Stadt|Marktplatz|1|ordnungsamt@seligenstadt.de|06453/9123-0|ID_OID_9008179_I
Stadt Solms|35606|Solms, Stadt|Oberndorfer Str.|20|buergerbuero@solms.de|06184/9276-0|ID_OID_9005519_I
Stadt Sontra|36205|Sontra, Stadt|Marktplatz|6|stadtverwaltung@sontra.de|0561/51102-0|ID_OID_9007644_I
Stadt Spangenberg|34286|Spangenberg, Liebenbachstadt|Marktplatz|1|kontakt@spangenberg.de|06074/8180-0|ID_OID_9007746_I
Stadt Staufenberg|35460|Staufenberg, Stadt|Tarjanplatz|1|ordnungsamt@staufenberg.de|06621/406-6|ID_OID_9001394_I
Stadt Steinau an der Straße|36396|Steinau an der Straße, Stadt|Brüder-Grimm-Straße|47|magistrat@steinau.de|06081/589-0|ID_OID_9003655_I
Stadt Steinbach (Taunus)|61449|Steinbach (Taunus), Stadt|Gartenstraße|20|gewerbeamt@stadt-steinbach.de|06151/12-4001|ID_OID_9002612_I
Stadt Tann (Rhön)|36142|Tann (Rhön), Stadt|Marktplatz|9|info@tann-rhoen.de|06252/15-0|ID_OID_9006676_I
Stadt Taunusstein|65232|Taunusstein, Stadt|Aarstraße|150|gewerbe@taunusstein.de|06182/7809-0|ID_OID_9000611_I
Stadt Trendelburg|34388|Trendelburg, Stadt|Marktplatz|1|doreen.weifenbach@trendelburg.de|06151/12-8606|ID_OID_9007050_I
Stadt Ulrichstein|35327|Ulrichstein, Stadt|Marktstraße|28-32|info@ulrichstein.de|06074/373-0|ID_OID_9002869_I
Stadt Usingen|61250|Usingen, Stadt|Wilhelmjstr.|1|buergerbuero@usingen.de|06652/180-0|ID_OID_9002647_I
Stadt Vellmar|34246|Vellmar, Stadt|Rathausplatz|1|info@vellmar.de|06002/502-0|ID_OID_9007086_I
Stadt Viernheim|68519|Viernheim, Stadt|Kettelerstraße|3|ggutperle@viernheim.de|06428/707-0|ID_OID_9002208_I
Stadt Volkmarsen|34471|Volkmarsen, Stadt|Steinweg|29|stadt@volkmarsen.de|0561/787-787|ID_OID_9004992_I
Stadt Wächtersbach|63607|Wächtersbach, Stadt|Main-Kinzig-Straße|31|info@stadt-waechtersbach.de|06147/208-0|ID_OID_9003703_I
Stadt Waldkappel|37284|Waldkappel, Stadt|Leipziger Straße|34|rathaus@waldkappel.de|0641/306-0|ID_OID_9007668_I
Stadt Wanfried|37281|Wanfried, Stadt|Marktstraße|18|daniela.henrichs@wanfried.de|06173/703-1323|ID_OID_9345372_I
Stadt Weilburg|35781|Weilburg, Stadt|Mauerstraße|6/8|buergerbuero@weilburg.de|06173/703-0|ID_OID_9001790_I
Stadt Weiterstadt|64331|Weiterstadt, Stadt|Riedbahnstraße|6|gewerbeamt@weiterstadt.de|0228/14-0|ID_OID_9001022_I
Stadt Wetter|35083|Wetter (Hessen), Stadt|Marktplatz|1|buergerbuero@wetter-hessen.de|089/242278-0|ID_OID_9005912_I
Stadt Wetzlar|35578|Wetzlar, Stadt|Ernst-Leitz-Straße|30|dienstleistungen@wetzlar.de|0611/55-0|ID_OID_8999141_I
Stadt Witzenhausen|37213|Witzenhausen, Stadt|Am Markt|1|stadtverwaltung@witzenhausen.de|030/3481-7221|ID_OID_9007829_I
Stadt Wolfhagen|34466|Wolfhagen, Stadt|Burgstraße|33-35|stadtverwaltung@wolfhagen.de|06431/203-373|ID_OID_9007074_I
Stadt Zierenberg|34289|Zierenberg, Stadt|Poststraße|20|info@stadt-zierenberg.de||ID_OID_9007122_I
Rosenthal|35119|Rosenthal, Stadt|Am Rathaus|2|info@stadt-rosenthal.de||ID_OID_9004917_I
Stadtverwaltung Bad Schwalbach|65307|Bad Schwalbach, Kreisstadt|Adolfstraße|38|kirsten.engel@bad-schwalbach.de|069/2714-5992|ID_OID_9000262_I
Stadtverwaltung Geisenheim|65366|Geisenheim, Stadt|Rüdesheimer Straße|48|eah@geisenheim.de|0561/106-2788|ID_OID_9000310_I
Stadtverwaltung Hadamar|65589|Hadamar, Stadt|Untermarkt|1|stadtverwaltung@hadamar.de|0641/303-0|ID_OID_9001610_I
Stadtverwaltung Lampertheim|68623|Lampertheim, Stadt|Römerstraße|102|poststelle@lampertheim.de|06151/992-0|ID_OID_9199280_I
Stadtverwaltung Zwingenberg|64673|Zwingenberg, Stadt|Untergasse|16|eu-dlr@zwingenberg.de|0661/924-2|ID_OID_8994920_I
Steuerberaterkammer Hessen|60327|Frankfurt am Main, St.|Gutleutstrasse|175|geschaeftsstelle@stbk-hessen.de|0641/934-0|ID_OID_9169723_I
Universitätsstadt Gießen|35390|Gießen, Universitätsstadt|Berliner Platz|1|Gewerbemeldungen@giessen.de|06181/297-0|ID_OID_9617892_I
Waldeck - Frankenberg|34497|Waldeck - Frankenberg|Suedring|2|gewerbeamt@landkreis-waldeck-frankenberg.de|0561/912-0|ID_OID_9146353_I
Waldeck, Stadt|34513|Waldeck, Stadt|Am Rathaus|1|stadt@waldeck.de|06431/2908-0|ID_OID_9202105_I
Werra-Meißner-Kreis|37269|Eschwege, Kreisstadt|Schlossplatz|9|wmk@werra-meissner-kreis.de|06421/290-0|ID_OID_9000027_I
Wetteraukreis|61169|Friedberg (Hessen), Kreisstadt|Europaplatz||Waffen-Jagd@Wetteraukreis.de|0611/3261-0|ID_OID_8999846_I
Wirtschaftsprüferkammer|60318|Frankfurt am Main, St.|Sternstraße|8|lgs-frankfurt@wpk.de|06068/7590-610|ID_OID_9169657_I
Wissenschaftsstadt Darmstadt|64283|Darmstadt, Wissenschaftsstadt|Luisenplatz|5 A|info@darmstadt.de|05572/9378-0|ID_OID_8999871_I